<?xml version="1.0" encoding="UTF-8"?>
<beans xsi:schemaLocation="http://www.springframework.org/schema/beans http://www.springframework.org/schema/beans/spring-beans-3.0.xsd http://www.springframework.org/schema/context http://www.springframework.org/schema/context/spring-context-3.0.xsd" xmlns:context="http://www.springframework.org/schema/context" xmlns:p="http://www.springframework.org/schema/p" xmlns:xsi="http://www.w3.org/2001/XMLSchema-instance" xmlns="http://www.springframework.org/schema/beans">
<context:component-scan base-package="controller"/>
<bean class="org.springframework.web.servlet.view.InternalResourceViewResolver">
<property name="prefix" value="/views/"/>
<property name="suffix" value=".jsp"/>
</bean>

<bean id="ds" class="org.springframework.jdbc.datasource.DriverManagerDataSource">    
<property name="driverClassName" value="com.mysql.jdbc.Driver"></property>    
<property name="url" value="jdbc:mysql://localhost:3306/myydbb"></property>    
<property name="username" value="root"></property>    
<property name="password" value="Kunal123"></property>    
</bean>    

<bean id="jt" class="org.springframework.jdbc.core.JdbcTemplate">    
<property name="dataSource" ref="ds"></property>    
</bean>  

<bean id="dao" class="dao.EmpDao">    
<property name="template" ref="jt"></property>    
</bean> 
</beans>